21159627,Minne Averall,Mazda,1G6DU6EA1A0109999,817687
31387224,Katti Canti,Nissan,WAUGL98E66A437382,509632
51630364,Abbi O'Duane,Porsche,WA1DGAFP1EA690456,335683
13286318,Patrice Egarr,Honda,WBAEV334X5K620869,820693
41106396,Ilse Rominov,Dodge,1N4AL2EP7DC834273,513697
15563206,Carolus Harewood,Suzuki,WA1YD54B23N674300,206704
28935241,Consuela Wayvill,GMC,TRUSX28N721425220,443927
08252591,Lorettalorna Kemery,Toyota,WUARL48H88K837632,329627
16489038,Madelaine Osmant,Kia,WAUFL54D91N828996,698780
92952418,Rani Bergstram,Mercedes-Benz,SCBLC47J59C400791,648298
97486846,Kathryn Werrett,Dodge,1FTEW1CF6FK905573,469206
73903757,Belle Hayen,Lotus,WBAEJ13431A927705,909909
13178726,Linn Kondrachenko,Dodge,5UXKS4C51E0612716,531696
30808368,Edvard Gallyhaock,Mercedes-Benz,WBA4A5C56FD156061,905974
25403882,Walker Kunneke,Toyota,1GYS3CKJXFR360141,439143
91602369,Emera Philipeau,Volvo,WBAWC33509P861836,309877
02372694,Cyrill Copin,Saab,WDDEJ7KB1CA479589,357562
91715653,Adi Churchward,Jaguar,WBAKE5C59CE799487,065931
62072478,Pavia Duligall,Ford,2C3CDXCT7DH104118,164022
13837275,Barnaby Ainsworth,Ford,WAUDGBFL9CA047064,326186
35671326,Cletis Watling,Cadillac,1G4GA5ERXCF547984,053853
90430900,Mimi Ridd,Mercedes-Benz,1N6AA0CC8EN907058,231100
28028982,Emmaline Lednor,Cadillac,SALVP1BGXFH067905,212233
25409049,Sheree Petrelli,Infiniti,WAUPEBFM7DA439554,262483
31155661,Ailis Dimmer,Chevrolet,JM1NC2EF2A0892307,431962
82634018,Cassius Pattlel,Mitsubishi,WBA3B5G57EN069670,604464
98582993,Roobbie Lough,Subaru,1G6DV1EP2F0466362,066559
21330477,Davon Fernehough,Alfa Romeo,1G6DP577760448650,343795
42958684,Andros Crosdill,Chevrolet,1D7RW3BK5BS207261,868721
05023587,Pascale Sola,Dodge,1G4HP54K22U227348,614182
73714622,Elliot Kington,Ford,1GYS4HEF2CR685962,811598
26741978,Wheeler Stringfellow,Nissan,3VWJX7AJ8AM101542,472651
70732982,Hammad Argrave,Subaru,SCBFR7ZA1DC463549,295600
37170829,Corine Watford,Lotus,1N4AL2AP4BN646687,712061
28956592,Crichton Fancutt,Pontiac,1GYS4JKJ0FR688315,459986
52476703,Isak Chastey,Volkswagen,WBAUN1C52DV453316,061202
69731796,Terrence Akitt,Chevrolet,JTDKN3DP4C3577068,009573
70850759,Glen Casiero,Chevrolet,WA1DKAFP8BA088048,953522
51988288,Morley Yerrall,Chevrolet,1GYEE437680949100,566153
13215547,Roxi Bassingden,Toyota,1G4HG5EM0AU875995,503811
16011492,Leone Upwood,Pontiac,5N1AA0NC5FN841016,160565
84861298,Avictor Sofe,Mitsubishi,SAJWA4FB7EL953576,233679
31726969,Donielle Inman,Toyota,WAUVC58E73A862900,244251
23708707,Arvie Knowlys,Ford,WA1VMAFE8CD176384,875795
73460970,Nichole Casetti,Chevrolet,WAUDN74F48N968947,192423
41585904,Gare Cadell,Pontiac,WBAVB73598V878120,943190
17374239,Ewell Starkings,Pontiac,1G6DM1E34D0412106,188974
37890301,Halli Pardue,Mitsubishi,1N6AF0LX4FN443823,819177
68717881,Ileane Rassmann,Mazda,WDDEJ9EB5EA267076,937194
30654403,Morgana Harmeston,Ford,1GKS1FFJ1BR511079,507564
86824123,Amory Sheaf,GMC,KMHHU6KJXFU611358,114977
71167519,Connie Pickworth,Bentley,1FTEW1CW5AF272694,464293
74157870,Oneida Kubica,Chevrolet,3N6CM0KN7EK884641,550111
41206007,Andromache Rozier,Toyota,5N1BA0NC0FN918301,531088
44096807,Angelia Odda,Ford,5J8TB4H53EL695662,303404
76241382,Winnie Shattock,Volkswagen,19UUA56823A344549,565972
51286592,Trent Bothams,Pontiac,3D7TT2CT9AG690579,057579
67474173,Olvan Overbury,Subaru,YV4902DZ8E2570820,322165
95534495,Ritchie Felgat,BMW,4T1BF3EK8AU880437,683599
44465437,Gwyn Spicer,Infiniti,WBAFU9C52CD635922,843744
75188620,Sibby Berthomieu,Oldsmobile,2G4GP5EX8F9683217,105655
32884648,Aime Brewitt,Oldsmobile,55SWF4JB5FU876555,939409
35858079,Barry Arni,Chrysler,JTDKDTB36E1955229,151374
48565249,Miquela De la Yglesia,Mitsubishi,5UXZW0C57C0288275,747742
39380401,Charita Vannuccini,Audi,5XYZT3LB6FG505475,235872
17218120,Elena Shelper,Hummer,2LMDJ6JK4EB314712,640595
82227208,Lilian Honacker,Subaru,1FTWX3B56AE132357,726649
93073739,Matty Blaiklock,Ford,1D4PU4GK4BW783697,357191
60316402,Sterling Ludlem,Audi,1G6KF57953U603101,469805
91564082,Nolana Gillyett,Lincoln,3D4PH5FV3AT852521,657267
82074554,Erl Mariault,Audi,WAUVT58E75A870921,344301
61575803,Rance Saladino,Mazda,YV1902AH5D1055853,407832
46640601,Dasi Gebby,Ford,1G6AY5SX1F0319455,896601
61343398,Chanda Andrichuk,Mazda,4T1BK3DB0AU598578,667043
84866573,Nell Slyme,Pontiac,5GAKVCKD8EJ022505,881719
97630533,Fanny MacAndrew,Volkswagen,WP0AA2A94BS676162,414560
19797701,Aluin Reiglar,Saturn,5N1BA0NC5FN262810,679875
05744526,Gerrilee Ruzek,Toyota,JN1CV6AP2BM296649,282003
26999086,Claire Thomen,Kia,1C4RJEAG5EC311250,610509
50366623,Cash Berick,Kia,1FADP5CU2EL627416,836394
73211611,Normand Handford,Volvo,1G4GD5ER9CF602545,938896
21358035,Blisse McPartlin,Buick,1GYFC23219R963969,705880
68293778,Rhona Cusworth,Lincoln,WBA3A5G58EN585412,139683
62858985,Courtnay Hunnam,Acura,JN8AF5MV8FT686242,446196
70242669,Gisele Shinn,Isuzu,WBAWV13539P147150,790880
85119569,Aile Wind,Ford,JHMFA3F26AS979254,057403
97984479,Frasier Leall,BMW,3C4PDDBG4CT090958,550603
79163088,Trevar Daice,Kia,1YVHZ8BH0A5292211,351046
63571813,Allyn Sissot,Pontiac,4T1BK3DB1BU374219,937060
77175018,Denna Hek,Lincoln,1GD21ZCG2BZ634116,785595
98177868,Frederic Rittmeier,Ford,2C3CDXL96FH368406,014101
02864552,Renard Wimms,Buick,WP0CA2A89DS045507,883633
66914466,Tymothy Clyne,BMW,WBAEV33483P867923,993413
32086401,Christie Mancktelow,Lamborghini,1G6AG1RX8F0676794,561133
35251371,Liliane Smees,Mitsubishi,WAUSF78K09A292940,084750
65110728,Reynolds Newvill,Lincoln,1N4AA5AP9AC540527,812530
06853207,Griz Huyton,Subaru,2T3BFREV1FW743271,045977
53831922,Afton Mongenot,Audi,1FTEX1CM8BF615611,051331
14508592,Roscoe Axford,Infiniti,WBSBR93496P274064,685163
07587778,Karim Donnersberg,Chevrolet,JTMHY7AJ4F4769498,558409
47374273,Waverly Haddacks,Oldsmobile,2C3CDYBT1DH659816,869055
33830783,Randal Echallie,Mazda,WAUMF78K09N969745,964870
57938004,Constanta Poor,Dodge,KNDJT2A22D7893499,776011
19156234,Sauveur Fairholme,Honda,1G4HR57Y16U257277,304128
91255156,Tarrance Lindeman,Chevrolet,SALAK2V6XFA498078,535050
45266463,Casie Monksfield,Hyundai,4T1BK3DB4AU877998,137039
55048045,Muriel Bramah,Jeep,KMHEC4A49EA849997,659156
76671744,Tommie Gever,Chevrolet,1G6DF8E50C0680900,074065
46512188,Torin Bolt,Toyota,1N6AF0KY9EN435872,286258
06081311,Sonya Artois,Lamborghini,JH4DC53844S064297,176874
14181702,Winny Hue,Subaru,WBAVB73588P859093,703109
40918446,Boycie Keays,Ford,5N1AA0NC5AN466981,037421
22035293,Mandie Waplington,Dodge,1N6AA0EJ4FN168915,582453
10541388,Kevan Renahan,BMW,1G6DA1E36D0763737,108841
07831390,Tamqrah Farn,Isuzu,WBAKE5C5XCE809590,754137
38195039,Hetty Tarney,Pontiac,SCBGT3ZA3EC195877,552231
69363166,Aubrey Chilton,Honda,WAULC68E04A202275,815371
10406414,Joli Roddy,Volvo,19UUA75588A734811,390871
59728896,Myrtle Swinden,Geo,KM8NU4CC8CU720856,731734
70629430,Conway Curzey,Hyundai,WBABD33415P872941,221278
20833473,Jackie Jennaroy,Chrysler,1FTEW1CMXCK497539,066505
17482980,Clarie Ure,Ford,1FBNE3BL8DD968914,166165
77658318,Colver Bahlmann,Subaru,KNDPB3AC6E7718234,913757
82735295,Elyse Bowers,Mercedes-Benz,WAUXL58EX5A440101,899415
93332591,Katharina Hane,Hyundai,1G4HR57Y56U921659,776467
21064759,Bartie Clarke,Jaguar,NM0KS9BNXBT279181,708679
17571829,Jarrid Innott,Ford,JN8AE2KP4D9146712,118168
05411690,Win Britch,Oldsmobile,WUAW2AFC4EN826567,704465
65243325,Garrett Polglaze,Ford,3GYFNBE32FS989134,782649
14449425,Hershel Christofle,Jeep,WAUDFAFL2EN636255,538009
97777136,Kit Burchatt,Ford,JN1BJ0HP4EM311084,744740
95491327,Moyra Tubridy,Maserati,SAJWA0FS4FP295671,389459
33834115,Sidonnie Stancer,Nissan,1N6AF0LX7FN656071,874752
36744256,Arlee Gerault,Subaru,1FTNS1EW6AD648047,944703
81465683,Clare Wrates,Ferrari,1N6AF0KX4FN807563,576065
50542937,Cory Madge,GMC,1FTWW3B52AE105658,120094
49089509,Chanda Illyes,Toyota,KNALN4D78E5444859,047202
28696866,Alley Cassius,Mitsubishi,WBA3B1C53F5502577,312801
98168749,Annalise Ninotti,Volkswagen,YV1960BW7A1524257,613810
70856531,Skell Forestall,Jaguar,WBAHL83596D136478,059915
87935543,Ned Bygrove,Chevrolet,KMHCT4AEXCU816776,515199
81878555,Korella Braunle,Chrysler,WBAWL13537P228409,094653
24631379,Val Smales,Scion,WAUMFBFL3BN667824,365832
53975794,Georgiana Gladding,Ford,SCFFBCCD2AG732497,880858
00874958,Lucas Lowings,Jaguar,1G6AL1R32F0314243,180704
99842843,Syman Baldetti,Volkswagen,1C4SDHCT3FC827595,256945
12005569,Shina Giacoppoli,Lamborghini,SAJWA0F76F8224431,828733
35539407,Nobe Tregaskis,Cadillac,WAUGGAFR4DA293033,812990
17442215,Shelbi Morman,Mitsubishi,1G6AY5S3XF0900028,785857
26670614,Duane Van den Broek,Lamborghini,WAUJ2AFD2FN557502,298038
04873130,Dew Hanna,BMW,1GKKRNEDXDJ526230,126080
05010464,Derick Pantin,Mercury,WBAYA6C51DD876548,095459
54838820,Shaine Spensley,GMC,1FTWX3B54AE595372,666530
76718466,Ardith Launchbury,Ford,WBANU53528B937900,444759
34078175,Gib Wheowall,Maserati,WAUMFAFHXFN924201,990232
53515926,Anna-diana Jerzak,Isuzu,WAUSF78E68A729106,015408
49785652,Baillie Baggalley,Nissan,WAULC68E73A508839,725827
37987906,Averil Wrefford,Maybach,WAUVT68E02A704905,937413
68203566,Fredrick Crammy,Lincoln,WBA3B3C50FJ081713,723601
29923134,Thoma Enders,Mitsubishi,WP0AB2A87CS616723,077768
36490259,Brianne Erdis,Lincoln,5UXKR0C56E0359364,124431
80746208,Bevvy Featenby,Morgan,WAUSFAFL2BA999200,809855
03315088,Boniface O'Kielt,GMC,JM1GJ1T60F1834953,445937
35742285,Eloisa Bouller,Volkswagen,4A31K2DF5AE953233,027058
15180454,Zahara Howood,Ford,JM1GJ1T54F1240390,755290
63204212,Franny Fritchly,Pontiac,WAUJT68E65A119264,274051
27623338,Denice Escala,GMC,1G4HP54K924766260,095351
33261481,Phyllida Matthewman,Mitsubishi,WA1CMAFEXDD876321,265668
83512272,Margi Angless,Dodge,2G4WF521231765243,809624
25163904,Evita Iban,Land Rover,YV1612FH2D1190457,112559
48150223,Cassius Fallen,Ford,WBASP4C54BC876457,444882
49250318,Martyn Vize,Acura,1FMJK1H59CE837835,755407
26488962,Parry Tomaszczyk,Lexus,WBALW7C54CC371433,872838
34897919,Cherin Hantusch,Ford,WBA4C9C53FD455587,940404
40099443,Lotty Roelvink,Lincoln,5N1AR2MM2FC488891,864597
14487122,Rikki Marin,Chevrolet,1VWAH7A32DC802078,351099
88034128,Dael Bounde,Volkswagen,1FMJK1F54DE174291,691938
15247813,Ruggiero Harrismith,Suzuki,2FMHK6CT6AB723348,881800
32088408,Freddy Iliffe,Kia,WAUHF78P67A343358,411423
39304667,Talya Haskew,Porsche,WAUVT58E54A254164,945363
55839207,Michaeline Costelow,Land Rover,1FTEW1CW7AK887027,760354
76701938,Conrad Mold,Mercury,KNDPB3AC3E7514023,094603
50319977,Torrey Broxis,Lincoln,1B3CB8HB8AD172851,325525
27460819,Tyler Spira,Chevrolet,JN1CV6FE0BM209306,645304
87768086,Bryant Kemmett,Kia,1D7RV1CT3AS649257,160828
09008695,Rouvin Gudyer,MINI,WBANA53505C719131,714207
95829249,Stoddard Hamshar,Subaru,WAU32AFD7FN239268,594655
56884107,Egan Luff,Chevrolet,WVGAV7AX9AW125910,647004
10698619,Valerie Arundale,Jeep,KMHCM3AC0BU150435,102960
15392444,Milli Domeny,Pontiac,WAULT64B54N636597,589552
98189106,Fawne Critten,Dodge,KMHGC4DD1EU215473,277888
75595472,Bertrand Jorden,BMW,1D4SE6GT4BC693043,976204
98218039,Farrell Barcke,Chrysler,1G6AH5S31E0463518,039306
36508230,See Metterick,Ford,WDDEJ7KB8CA812287,937207
62912010,Jaclin Le Noury,Volvo,1C3CCBCB5CN783549,876861
21689433,Norine Stallworthy,Buick,ML32A3HJ4FH830188,174419
97371383,Janel Dalley,Volkswagen,3FA6P0PUXER730574,106803
65696322,Tibold Bemlott,Saab,4A31K5DF5CE477599,839932
59367409,Yulma Mintram,Volvo,2T1BURHE6FC559147,421387
62676279,Tabby Sizland,Oldsmobile,19UUA56662A302589,218851
56367343,Judd Shelf,Audi,1GT3C0BG2AF772593,201672
97709317,Reece Lees,Chevrolet,SAJWA4EC1EM497952,030965
77479747,Hilton Joanic,MINI,WAUFMAFC8EN801532,637145
11933319,Hyacinth Verillo,Toyota,5TDBW5G10ES135020,915657
76504832,Cicely Fleckness,Pontiac,WBA3F9C56DF889717,623441
46804875,Rollo Halpeine,Mazda,WBXPA73445W007026,851069
29935157,Michail Kave,Mitsubishi,5NPDH4AE6EH378619,207938
62715540,Codi MacComiskey,Cadillac,WAU2MAFC6FN112752,603690
67993859,Shaine Abbys,Kia,2T1BPRHE3EC466415,115100
35571219,Grant Angeau,Pontiac,JN1BY1PP3FM642971,276281
13394564,Noam Van't Hoff,Buick,3MZBM1K78EM509347,787846
39559973,Raye Cheale,Chevrolet,5FRYD4H81FB742022,387774
44082814,Evvy Semechik,Mazda,WAUEF78E16A194311,414913
27113377,Gusti Bice,Jeep,YV4952BL3E1162084,756233
42491973,Everard Castelijn,Mercedes-Benz,WUATNAFG5EN883471,688766
60008360,Tobit Millyard,Mitsubishi,JTHBB1BA9B2286824,892296
95755597,Michel Burke,Audi,SCBLE37G35C081765,596782
22967160,Clyde Seeks,BMW,2G61T5S37D9520162,827959
01073232,Rubie Killik,Porsche,WA1VMAFPXEA174139,264435
75206248,Tedmund Farfolomeev,Maserati,3D7JB1EK9AG613560,466383
50705978,Pepito Royson,Oldsmobile,SCBBR93W38C086372,163705
25454743,Serge Lugard,Maserati,WBAUU3C50BA620534,653770
03248523,Marisa Perfili,Volkswagen,3VW4S7AT9EM078677,156324
84092255,Alvira Izsak,Volvo,WBA3B3G57DN065184,947416
15947041,Renard Hierro,Pontiac,5TDBK3EH0BS561124,147869
97013563,Filberte Marushak,Chevrolet,WBA3V9C52EP246943,010616
26352881,Priscilla Gebhardt,Lamborghini,2B3CJ5DTXBH785462,469589
10313498,Clayborn Whittenbury,Pontiac,WAUDGAFL6DA109385,294526
79002700,Tiffani Morey,Mazda,3VW467AT7DM586102,949126
45521266,Herschel Croome,Porsche,3VW517AT5EM097444,624064
27955161,Gunar Handmore,Chevrolet,JN1CV6FE9BM146092,177870
93150013,Hilda Barlthrop,Ram,WBAUN1C5XAV267972,901603
44375348,Binny Boagey,Honda,1N6AA0CC0CN307633,385326
14247186,Garry Circuitt,Ford,WAUEH78E28A645291,064124
67492185,Ralina Aland,Mercedes-Benz,1GYFK46888R231917,433718
30446201,Quintus Binning,Ford,KMHHT6KD5DU832389,003087
72901449,Misti Beel,GMC,1G6AL5S3XD0738218,691130
65446354,Carmela Bill,Infiniti,JN1CV6AP2DM486387,145567
84075636,Kim Coath,Ford,JA4AP3AU4BZ256590,810078
81362527,Justinian Glowach,Hyundai,TRUTC28NX11202166,265197
68369979,Bondy Togher,Aston Martin,WAUXD68D92A133816,827092
38120078,Pip Dollimore,Toyota,KNAFU5A20B5921441,700068
46516772,Maura Ygo,Subaru,5UXWX7C5XEL160882,331786
63320922,Marc Takkos,Ford,JH4KB16668C295120,802518
52426544,Temple Barajaz,Dodge,3D73M3HL3AG804801,333887
03916379,Werner Twiggins,Toyota,5J6TF1H31AL089409,514408
85982234,Benoit Maryet,Land Rover,19UUA9F71CA217631,304882
50923547,Nelie Densey,Saab,JTDKN3DU8F0432515,994972
28021461,Leshia Knightley,Porsche,KMHDB8AE7BU140199,782740
49629170,Lily Gunton,Chevrolet,WA1FFCFS4FR324053,004443
06590259,Rhody Burnhams,Toyota,WAUMV94E88N129399,688002
27306819,Codee Georgeau,Mazda,WP1AE2A2XEL645399,692572
47084945,Alayne Barrim,Mercury,WAUEFAFL0DA898253,249020
01315436,Shell Mosedill,BMW,WAUSFAFL8AA623017,301423
57152974,Stevy Keppel,Maybach,1GTC5LF94C8661414,412182
75895966,Aggy McPhelim,Audi,5GADV33W37D451979,904078
33687180,Pamelina Speir,Infiniti,KNDJT2A50C7334879,965939
77543093,Burtie Seeborne,Toyota,WAUMF78K39N274224,975524
86426281,Marie-jeanne Mixer,Toyota,KL4CJHSB8EB295314,824443
02781171,Gun Joddins,Volkswagen,WBAGL63565D010254,868305
05238357,Maria Drakers,Toyota,JN1CV6EK9CM502212,353033
82882623,Therine Dyerson,Cadillac,1N6AA0CC2AN373954,052687
93634907,Jeramie Yglesia,Mitsubishi,KNADM5A39D6780317,516682
88923060,Benjy Battill,Mercury,2HNYD2H88CH192176,508308
37336795,Shanan Lamping,Pontiac,1G4GC5ERXDF156572,650355
65956658,Nickie Duguid,Ford,YV1902MC1F1641582,152813
84738193,Murdoch Kapelhof,Peugeot,WA1VMBFE6AD415708,831594
25830601,Marys Haselhurst,Audi,WBAKE5C58CE465306,045329
49455227,Wayland Spilsbury,Volvo,WAUNG94F89N789032,290149
37843129,Gualterio Hollingdale,Pontiac,3D7TP2CT0AG077982,293665
56104805,Jone De Ruggiero,Nissan,19VDE1F54DE283603,808857
03475689,Brittani Done,Mercury,2G4GT5GRXC9174607,471792
79853344,Imogen Marcoolyn,Chevrolet,5UMDU93548L339755,375730
15769997,Kalila Andrzej,Dodge,JN1CV6EK6DM302468,078941
77000136,Holt Crowdace,Plymouth,1GYS4HEFXER029401,424601
08216888,Belle Bilt,GMC,WBALM7C52EJ845593,064119
08868020,Dyane Farfalameev,Dodge,SCFAD02A35G855984,150651
84622153,Lenora Leverton,Lotus,KMHEC4A40FA940402,033012
70927333,Clark Pallant,Mazda,3C4PDDBG8DT098451,862426
27256029,Zonda Sommerville,Lexus,YV4952CT1D1650205,408199
44580574,Hayley Williamson,Mercedes-Benz,1N6BF0KX8FN994990,717692
05257541,Celle Barnsdale,Mercury,5J8TB2H20AA883121,335396
90601859,Hannie Fedorski,Buick,WA1MKBFP2AA118312,875366
63213779,Johnny Scrafton,Nissan,1GYS3DEF6BR578066,774453
36691271,Yorker Guilleton,Chevrolet,WAURV78T19A134309,292025
11179939,Hank Henmarsh,Ford,SALAB2V68FA348812,648545
87198323,Randi Perchard,Ford,1N6AD0CW6EN652833,932337
93658847,Sanderson Chrestien,Lexus,1C6RD7PTXCS550603,114359
75749168,Raven Ridley,Lexus,1G6DM5EG3A0618457,298174
90478986,Lisle Downie,Bentley,2G4WN58C691209148,673025
10124566,Marvin Cocking,BMW,1G6DC67AX80773339,608458
71524943,Hannis Lark,Honda,SCFEBBCF1CG354649,416068
51631530,Karyl Ranner,Plymouth,1FTNF2B58AE224420,698134
38587736,Hanson Gaye,Honda,WAUUL78E87A398691,081555
80035818,Lawrence Goggin,Mercury,4JGBB9FB6AA564906,788659
42570725,Margalit Raubenheimer,Pontiac,JM1CW2BL1D0850207,387253
61325247,Garland Auger,Infiniti,1G6DE8E50D0820352,773325
51496016,Ram Rameaux,Oldsmobile,1FTEW1C83AK326406,558887
12413626,Helena Tace,Kia,JTDKDTB34D1824797,453693
52672335,Ashley Haynes,Mercury,1GYFK232X9R021485,623768
87578253,Genna Jahner,Chrysler,4USBT53545L551052,356934
92300096,Farlay Laughtisse,Kia,5XYZT3LB3FG920916,069335
74087009,Minda Bowden,Suzuki,1GYS3BKJ3FR408721,075035
59594853,Nicoline Rawes,Buick,1G6DJ5EY8B0135601,637742
40797172,Winonah Hilhouse,Hyundai,1N6AF0KY8FN480707,342622
42149664,Yorke Bayldon,Lamborghini,5GAEV13D79J065593,258421
47520728,Nina Thurley,Ford,4T1BD1EB5FU655717,888084
75659541,Kristos Jeaycock,Lexus,JN1BJ0HR6FM673114,930916
52068571,Boycie Aphale,Chevrolet,1GT010CG0CF395997,812962
36616726,Vasilis Orum,Mercury,WBAYB6C53DD347650,669230
37177266,Pennie Reinbech,Buick,WAUMGBFL5DA890082,994604
58790980,Temple Causon,Infiniti,2C3CCAGG5EH678599,423633
43508473,Mia Spoerl,Ferrari,SCFAB02A07G040098,273554
05744438,Shannan Stanier,Chrysler,1FTEX1C88AF260991,442994
61329127,Orton Cucinotta,Dodge,SCFFBCBD3AG480695,254640
40758817,Tibold Lyall,Chevrolet,3C4PDDBG6DT316936,890755
22942852,Cash Gymlett,Jeep,WBA3B9C57EF334191,380779
51299630,Algernon Dawidowicz,Toyota,WAUKF98E15A496887,446910
04588670,Tonnie Steward,Subaru,2FMPK4J98FB783775,539587
01768883,Edan Ringe,Land Rover,1GD21ZCG4DZ630975,888644
37787186,Parker Whitbread,Chevrolet,WBSBL93486P373329,853471
97737944,Bette Reah,Mazda,WDBSK7AA0CF160642,955345
36481707,Felicia Larter,Subaru,2C3CDXFG1FH647353,064536
25791720,Gerhardt Boskell,Lincoln,1G6DK1E3XD0281110,596645
91634725,Gay Fanthome,Ford,1GYS4FEJ8BR173758,404067
10105901,Gilberte Djorvic,Mazda,JTHBW1GG4F2572524,676723
91082390,Lolita Tuxill,Honda,1C6RD7JT6CS977950,547995
61085360,Victoria Norville,Mitsubishi,3GYFNBE38ES721431,578419
02606306,Tine Bosquet,Toyota,1G6DF8EG3A0138088,063307
72546862,Laural Leythley,Porsche,TRUTX28N311451297,273055
50741791,Neila Castard,Volkswagen,1N6AD0CU4DN319351,299423
95230598,Beck Tilby,Mitsubishi,1G6KD57Y98U732804,737188
44358621,Caitrin Peto,Volkswagen,SCBCR63W65C368875,792684
92478312,Kirsten Cardenosa,Holden,WAUEF98E06A260505,780474
42934723,Leopold MacColm,Pontiac,WBAKX8C58BC358648,414651
73247686,Rubina Lardner,Ford,1FTEX1E81AK359785,870614
42011613,Cynthia Grahl,Mazda,WAUDG98E66A180571,610336
31697697,Nanine Huws,BMW,1N6AA0EJXFN064574,016150
94823097,Marcellus Arlt,Ford,WBADX7C53CE546955,902940
29292053,Harmon Baniard,Suzuki,JH4KC1F75EC132735,766847
22230470,Dyanne Meaddowcroft,Lexus,1N6BF0KX4FN630372,209851
27195611,Thorstein Langelaan,Chevrolet,3D73Y3CL1BG516658,721898
79634568,Clerc Satchell,Chevrolet,1C3BCBGG2DN248956,882780
41280541,Barthel Witts,Nissan,WAUAVAFD6BN191948,613917
67527826,Harold Landsman,Mitsubishi,WBA4A7C56FG169449,473128
63753454,Edythe Siemianowicz,Cadillac,1N4AB7AP0EN921556,009133
82388663,Ryley Gehrts,GMC,5N1AT2ML5EC775729,383080
16673340,Mitzi Beckey,BMW,1N6AA0EC0EN597792,204359
88559109,Junia Hackworthy,Mercedes-Benz,SCFAD02A25G961892,998744
88409119,Alford Batt,Mazda,JH4CL95895C023711,879446
24258621,Jodee Kellogg,Audi,JN1BY1APXDM656968,996452
59113363,Harlene Stubbins,Volvo,KNADM4A34F6821918,425439
05996447,Haley Sharrocks,Chevrolet,1LNHL9DK7EG215573,213161
76278219,Lena Soigoux,Suzuki,WAUDL94F86N585964,297465
39492070,Parnell Collet,Jeep,1D7CW3GK9AS089941,209792
28414299,Reade Wagenen,Ford,WBASN2C59AC913060,778919
55975929,Doralin Thake,Toyota,JTEBU5JR2F5670146,195204
22153159,Gannie Seilmann,Buick,19UUA9F58DA414263,398977
56147653,Shandra Pockey,Mercury,1G4HF5EMXAU268067,356500
42152198,Lyell Sketcher,Lexus,3D7TT2HT6BG659543,556237
64866900,Ilse Wooton,Chevrolet,WBABS53482E550855,852829
22217383,Barbey Membry,Mercedes-Benz,SCFFDAAM4DG699766,936524
71539774,Bella Deering,Kia,WUATNAFG5EN009007,554329
87499421,Robert Krollmann,Ford,1D7CE3GK0AS184598,034766
42042359,Reine Wathan,Chevrolet,3VW8S7AT1FM730419,027477
29798857,Lora Summerlad,Saturn,JM1NC2LF5D0783895,083243
83736582,Abe Ethridge,Audi,WAUBH74F86N389942,028241
68502489,Luca Mitchiner,Chevrolet,1FTEW1CW0AF035093,863636
82641918,Rena Dicty,Honda,WAUEFAFL6DN537618,611523
54177982,Stefa Branigan,Plymouth,1C3CC5FB7AN076060,961527
06647377,Jere Udale,Daewoo,2G4WD562051921369,196377
09854865,Jase Dukesbury,Dodge,WBA6B8C54ED820637,916497
71063111,Seumas Rive,Subaru,1FBNE3BL8AD577970,355635
97396844,Charlie Fischer,Toyota,1C4RDJDGXFC774398,937624
82288261,Randi Swindells,Mazda,JM1NC2EF4A0674790,431041
32123746,Jay Goggey,Aston Martin,WBAHN83528D648774,333901
95109609,Ketti De Maine,Toyota,JM1GJ1U55F1194292,424289
04498870,Whit Abrey,GMC,WBAYF4C5XFD445621,980575
27906065,Vicky Kenna,Subaru,1FTFW1E8XAF189295,486764
20749629,Nettie Titterell,Kia,WAUDGAFL7CA202317,391337
35895794,Alikee Gornal,Honda,3D4PH3FG9BT994671,238456
21374378,Addia Grigolon,Pontiac,WAUFEBFM2BA604693,145018
05390015,Granger Ivey,Nissan,1G6AE1RX8F0140658,989174
04359982,Onida Craiker,Oldsmobile,4T1BF3EK0AU619027,001363
31365391,Nikki Spring,Buick,1FTEW1CMXBF074077,179326
56531496,Bruno Swatheridge,Honda,WVGAV3AX8EW019883,904732
76251476,Cybil Greenall,Audi,1NXBU4EE5AZ670657,350541
61283316,Lothaire Harvey,Ford,WAUTFAFH6AN558340,384718
65747156,Roy Skunes,Isuzu,W04GP5EC7B1431582,644838
77050043,Sonnie Rackstraw,Oldsmobile,WDDLJ9BB4FA861381,564594
47409593,Zahara Igoe,Pontiac,19UUA9F22BA810336,833057
87033153,Archy Eayrs,Lotus,WAUDG78E86A070528,463265
16626717,Winn Guihen,Ford,WA1CMAFP1EA566482,349257
34371039,Silvanus Duffrie,Buick,WAUNF68P56A323565,381958
28454773,Neville Merry,Toyota,1FMCU9D74AK785084,952968
85072305,Nonna Hasely,BMW,JM1GJ1T56E1584219,707749
88501439,Joanna Wookey,Mercury,WAUBF78E86A215254,071410
41158144,Egon Dedham,Aston Martin,1G6AA5RX9F0899516,393329
75257719,Filmore Yakushkev,Kia,WA1EV94L17D961378,956981
78004455,Nathalia Smartman,Volkswagen,19VDE1F76DE508086,550014
49078055,Brocky Geator,GMC,1GD02ZCG9DF835259,294720
67719981,Serena Leppington,Mitsubishi,WP1AA2AP2AL514078,196737
08754304,Ware Cushelly,Hyundai,WAURFAFR3DA234664,211919
65924222,Rowland Oki,Lotus,1N6AF0LX8EN339558,388631
33635620,Sheffy Dufore,Subaru,1FT7W2A63EE884759,826275
69649741,Waverley Bendell,BMW,WAUFFAFL2BN611117,478309
07419827,Corrie Maggi,Ford,WAUDFAFL2AN222578,972858
38782336,Boycey Heisham,Dodge,WAULL44EX6N185426,952189
03454616,Carita Pallin,Saab,3N1AB7AP3FL145986,531096
34998561,Leonhard Graffin,Plymouth,1GYS3AEF6CR178931,552438
22605759,Barnard Wallage,Volkswagen,WVWAA7AJ7CW771445,423960
08772759,Carlin Rankin,Mercury,WBALM7C52EJ096973,219029
57842918,Gabey Kohler,Mitsubishi,YV1982BW6A1041607,532382
97066498,Robb Taggerty,Pontiac,WBA3C1C52CA612312,509142
93597590,Eba Eyles,Subaru,WA1EY74L37D199716,336042
03521043,Maurine Foxworthy,Mercedes-Benz,3VW1K7AJXDM026751,016758
93880381,Boniface Leisman,Mercedes-Benz,WBAAV53451F958385,897719
10733998,Currie Killoran,Ford,JN8AF5MR8ET325076,142337
39324568,Barbara Cauderlie,Ford,1N6AF0KX6EN960055,486323
33192566,Darya Brookwell,Pontiac,5J8TB3H37GL811196,063047
54928966,Maurizio Macon,Saturn,1FTMF1E8XAF529598,007598
73879512,Darelle Holston,Kia,WAUCFAFH1EN710577,055942
55435386,Tabby Morcomb,Ferrari,SCBCP73W78C261656,072052
95840769,Florencia Sheldon,Hyundai,WUAGNAFG4CN799964,895521
25521304,Carmine Della,Cadillac,KMHHT6KD8DU149909,345213
78968233,Nevins Buncom,Volkswagen,5N1AR1NB4AC304759,632428
11844727,Blanca McTavish,Audi,ZHWGU6BZ0CL116441,740150
97328820,Aldon Kilgrew,Nissan,5YMGZ0C57E0637039,242023
70198365,Seymour McGuane,Lincoln,JH4KA965X2C507579,472824
74526128,Heddi Fancutt,BMW,5N1AN0NU1FN629792,587946
20459933,Annnora Demaine,Ford,WBAEK13577C677985,433395
39318782,Giselbert Mandrier,Volkswagen,WAUFFAFL3CA509396,967022
10798991,Atlanta Anstis,Suzuki,WAUVC68EX3A245867,433505
84186859,Shir Poyner,Mitsubishi,WAUJ2AFD3FN086928,032513
87489852,Allianora Kynman,Lexus,1GD21ZCG7CZ725285,557186
61432260,Gwenny Zapatero,GMC,1GYS4CEF8BR663661,370690
26141712,Ambrose Sherland,Toyota,JM1CW2BL4E0367330,782735
08420415,Vivian Roxby,Cadillac,WA1VMBFE5CD725416,080223
60665914,Obadiah Robart,Saturn,3N6CM0KN5EK429819,172619
74209639,Kelcey Chaplyn,BMW,WAUVC58E13A016150,496279
13447742,Shalne McKeeman,Chevrolet,WAUSH98E76A066521,120831
57728753,Toni Adrain,Mercedes-Benz,1D7RW3BK4AS330841,847820
68910691,Teodorico Camois,Mercedes-Benz,1FM5K7B88FG689242,148875
21322355,Rowney O' Cloney,Lexus,2G4WB55K731894725,796105
60194158,Montague Penhalurick,Volkswagen,JTHBW1GGXE1578347,507351
71506472,Iver Beagan,Audi,SCFHDDAJ3AA795726,245051
56179562,Dedie Signorelli,Audi,WBAKG1C58BE465632,063618
80905807,Ceciley Plessing,Mercury,WAUNF98P98A245683,634418
48423953,Chantalle Gabey,Buick,KMHTC6AD6DU390105,854495
78956580,Essa Aneley,Kia,1GYUCGEFXAR195014,058383
17619320,Jabez Edgler,Lexus,3VW4S7AT1EM463571,898702
64617115,Ruperta Killerby,Toyota,WBANW53589C704609,879099
03692128,Brinn Geale,Ford,1GYS4AEF7BR751377,632247
40273917,Portie Hardeman,Suzuki,WP0CA2A88DS087845,671974
60836045,Melantha Broadhead,Mercedes-Benz,JTHKD5BH7B2633968,531697
64379254,Alana Haggerstone,Mazda,WBAKC6C56AC285522,426598
46073036,Barnett Tunbridge,Ford,SAJWA1EK1EM619120,333925
03476501,Lexis Valance,Mercedes-Benz,WBAVB13506P151382,015262
25312136,Alexio Jotham,Audi,3TMJU4GN9CM825845,844718
19870319,Maisey Otson,Ford,WAUCF78K39N140079,459623
86371900,Phillis Childers,Mazda,19UUA65634A460575,160902
55005625,Malcolm Wordsworth,Pontiac,5N1AZ2MH2FN187173,252093
04723232,Wolf Santarelli,GMC,1G6DS8E39D0990488,395487
73844627,Colleen Gaddas,Ford,WBAKX6C58CC348501,581564
10833796,Caroline Thomerson,Nissan,WBAWV13547P561874,825664
96210830,Caz Oleshunin,Mitsubishi,JTEBU5JRXF5864522,011717
58383523,Dorie Kenafaque,GMC,WBA3B3C54FF150602,445627
19873884,Deloris Symcox,Kia,WAUDG58E45A458875,344361
57254254,Brynne Paxforde,Mercedes-Benz,WA1DKAFP9CA812881,167559
61148555,Seamus McNally,Audi,WAURFAFR5BA324492,315647
63283881,Trudey MacKall,Saab,3VW4T7AT1EM383801,279289
16613742,Grant Eastridge,Mitsubishi,1FTEW1CM5BF797352,196283
74623853,Lesly Reede,Geo,WAUCFAFR1FA802340,713276
06596571,Rube Roubert,Mercury,WAUHGBFC8CN294277,947210
40837271,Audry Atcock,Saab,WBA3A9G5XFN716686,287489
51277848,Borden Caress,Jeep,WA1CM74L09D855201,866456
83176693,Vevay Featenby,Lincoln,WAUBH74F66N788736,648187
93949909,Phaedra Maddox,Jaguar,19UYA42792A205087,336640
31379204,Marcelia Henner,Mercury,1VWAP7A33EC301754,334075
50674933,Cad Harvison,Maybach,KNAFU6A2XC5794513,462393
08855888,Corinne Hansman,Oldsmobile,1C3CDFEB9ED019083,308662
19486040,Orville McGavin,Bentley,SCBET9ZA9FC308484,751995
58299214,Iggy Phillpotts,Audi,WAUEH54B71N105823,105383
68962786,Angele O'Donohue,GMC,1D7RB1CT9BS226029,980445
68484744,Mira Atcheson,Chevrolet,3GYEK62N26G130372,715328
73321129,Hillier Garside,Infiniti,WUADUAFG3F7510796,515873
68250853,Chrissy Cail,Mercedes-Benz,1G6DV5EP3B0425739,880070
08839920,Vevay Rizzardini,Bentley,1YVHZ8BH3D5594824,717400
08154595,Onfroi Dockrill,Lotus,5UMDU93518L239113,903967
83227647,Laina Gozzett,BMW,19UUB3F5XFA419123,331268
22686048,Nerita Spreckley,GMC,SCFFDABE6AG303548,078178
82599305,Carolan Keam,Suzuki,WAUVT54B04N948703,792176
37564304,Ahmad Pol,Chevrolet,WA1CKBFP9AA700399,795427
58323279,Davis Robilart,Toyota,WUADU98E48N127457,696197
92073559,Tore Jelk,CitroÃ«n,WBAKG7C58DE262892,866186
90857038,Persis Jarley,Kia,1N6BF0KM8FN313989,750228
00703294,Penny Ridgwell,Buick,WBACN33411L929819,774708
76563944,Miller Priddle,GMC,WBAKG1C52CJ165173,582207
78126333,Donovan Minchin,Mazda,WA1LGBFE9BD961239,105024
55545226,Tiffie Claughton,BMW,3D7JB1ET8BG289978,524047
66839924,Zachery Smitherman,Ford,WAUVFAFRXBA143029,198673
40551640,Marlee Snoddy,Lexus,1G4CW54K224745053,145832
08063121,Andrea Staves,Mercedes-Benz,WBAKC6C51AC163456,826030
01204589,Irena Moukes,Lamborghini,3C4PDDBGXFT934201,603714
48160102,Zed Linley,BMW,WAUDH78E78A462450,202413
73100487,Tandi Wabey,Subaru,KMHHT6KD2AU810247,727326
54265335,Jule April,Pontiac,SAJWA0ES3EP167986,032107
00421382,Thurstan Barbier,Jeep,1HGCR2E59DA907267,803802
72325994,Rorke Yakubovics,Mitsubishi,3VW517AT3FM510561,599640
55887826,Helga Trenoweth,Chrysler,2C3CCARG6EH382214,965063
66176594,Bertrand Drake,Chevrolet,3MZBM1K73FM849829,617082
82872851,Marinna Pesselt,Dodge,1G4PR5SK2E4669219,947649
00562496,Hi Jacobsson,Ford,19XFA1E5XAE650657,918980
01544385,Barbie Cauldfield,Nissan,3N1BC1CP0CK820982,191731
64134628,Batholomew Catlow,Ford,5UXWX5C57CL149534,917239
77572461,Thibaud Gulliford,Ford,SALCR2BG0FH475031,747516
54394146,Shirley Khadir,Mitsubishi,SALVN2BG1DH971019,405881
97074884,Marijo Turner,Mercury,WAUDH68D51A920896,197692
18687475,Jacqueline Tuckwood,Lamborghini,5N1AR2MMXDC278763,930776
71164999,Mac Caverhill,Chevrolet,JH4CU25639C306985,547649
35056489,Amandi McConnachie,Chrysler,JTHDU1EF7B5347208,768722
70258997,Bird Rozenzweig,Ford,1G6DG8E53D0875551,381785
07697868,Bianca Adin,Nissan,1G6DX67D860217008,853336
57081932,Flynn Belfrage,Lexus,1G6DA67V890301716,301756
68668685,Marybelle Kighly,Volkswagen,2C3CCAGG9FH463275,005878
49670499,Otto Beckworth,Dodge,1G6DF8EYXB0064405,327091
96482902,Laurence Craven,GMC,1C3BC2EB6BN906623,352429
32193126,Pauletta Hussy,Porsche,SCFEBBBK4BG154779,371156
60212593,Benjamin MacCleay,Subaru,WAUSF98KX9A824108,030571
22392974,Mikey Mapplebeck,Isuzu,19UYA42423A107994,867072
13540634,Candice Yepiskov,Ford,WAUKC68D81A650634,988439
61059693,Kipp Connolly,Chevrolet,WVWED7AJ8CW557654,705775
67046824,Adriane Grocock,GMC,WVGAV3AX0EW583012,660623
26343985,Isidro Jacks,Kia,WAUCFAFR7EA625291,476603
57282512,Tully Wahlberg,Mercury,WBAAV53451F542076,217863
38272010,Mellisent Mauchline,Ford,1FTEW1C82AF109695,879311
30217194,Rutter Astin,Mazda,SCFEBBAK4EG896783,523772
56451071,Quentin Chirm,Mitsubishi,4T1BF3EK2BU508903,536439
43375884,Janis Saunders,Volvo,WAUML44E54N885551,028517
23414039,Murvyn Eland,Kia,1VWAS7A35FC694284,487386
98505214,Fredrick Carnaman,Honda,WAUJT64B62N598429,623939
54274304,Johanna Mechell,Chevrolet,JA4AD2A39EZ728619,143654
34715259,Hodge Fratson,Volkswagen,1GYFC23219R166315,830601
27178979,Laureen Papps,Suzuki,SCFFDABE2CG760831,997833
52897553,Lona Alldis,Chevrolet,4USDU535X8L474407,023182
30332809,Abagael Grigorkin,Mitsubishi,3FAHP0JA3AR675306,176630
89713389,Brew Dupey,Toyota,2G4WF551341742289,048930
20693366,Enrika Nys,Plymouth,3C6JD7EP3CG991256,269125
74060708,Lanita Huguet,Suzuki,1N4AB7AP3DN638342,763538
74723781,Morie Pillington,Chevrolet,1G6AF5SX8E0162298,470865
30548864,Valentino Reckless,Mercedes-Benz,1G6DF8EY9B0930823,941823
44907313,Bryn Blann,Cadillac,WBANF73577C423393,970907
14631323,Frank Dewire,Lincoln,WAUPEBFM1DA013410,630576
78517122,Sterne Rama,Nissan,2HNYD2H68CH283401,444559
87323093,Laurette Yankeev,Mitsubishi,WUARL48H24K460015,292428
25657677,Arne Lillgard,Suzuki,1G6DP5EV6A0589655,790043
19786188,Cyril Simek,Porsche,WBAVA33517F362418,933301
01628365,Maxie Elsmore,Mazda,WVWAW7AH9BV825167,774615
50642681,Gabby Silvester,Hyundai,1G6AT5S35F0272801,995461
38287567,Euell Slesser,Honda,JH4DC54863C166191,885968
61300527,Alphonso McCaig,Pontiac,JTDJTUD32ED848694,065068
03013252,Alex Baseggio,Suzuki,WBAEV33453P263360,420106
17385874,Walsh Eudall,Lincoln,3LN6L2G97FR090558,476502
38697050,Laurence Fernando,Volkswagen,5UXFB53506L725094,706886
94115748,Ofella Collett,Mercury,WAUGL78E48A881657,693270
72884136,Zebedee Wye,Mercedes-Benz,1D7CW3BK8AS901978,641496
29213826,Babita Tarbatt,Mazda,1FTMF1CWXAF049997,287480
49718618,Andrei MacRonald,Lexus,WAUAC48H63K332155,361783
60485026,Roxine Toms,Volkswagen,1D7RW3BK5BS232113,832142
43096139,Pollyanna Cohrs,BMW,1N6AA0EC9DN572940,574781
35436813,Hank Durbin,Dodge,WAUJC68E45A834348,010173
97560700,Roarke Straneo,GMC,5LMJJ2JT0FE882233,330874
71216520,Ernestine Shaddock,Lexus,WA1CMAFE5AD000140,105244
70130858,Latashia Malatalant,Nissan,WBABD33475P800514,342065
55282637,Nalani Duchart,Ford,JHMFA3F25BS941922,857724
93243112,Lucilia Tomasek,Chevrolet,1D4PT6GX6AW019133,467647
59143856,Mimi Lanahan,Buick,WAUYGBFC1CN707155,298413
47532213,Valeda Milstead,Buick,2T1BU4EEXBC752161,201497
99018603,Meaghan Fri,Ford,WP1AB2A27FL106037,382888
98070852,Caitlin McRavey,Cadillac,KNAFU6A29D5925058,472925
23049536,Gilbert Wanek,Honda,5LMJJ3H51CE239060,291553
92097665,Veronike Helling,Dodge,WUALNAFG2EN521081,230115
84705259,Tomkin Ince,Pontiac,JTHBE1BL8FA625495,601976
68431608,Ebony Leivers,Isuzu,1N6AF0LX0FN586333,605032
43291707,Geri MacFall,Chevrolet,2C4RDGCG3FR176083,279855
66842087,Ethelred Causton,Infiniti,1G4HP54K73U403991,213956
77373868,Bartholomew Gandrich,Audi,JTDBT4K39A1609310,421026
34247318,Lidia Ryall,Porsche,WAUCFAFR9FA129104,996695
71131795,Clayson Midgley,Lexus,1FBNE3BLXDD897196,357858
85413242,Janek Durtnal,Subaru,2HNYD2H24CH077361,993309
22222191,Faustina Albany,Volkswagen,WAUDFBFC8CN796689,080328
37171701,Dukie Charrett,Pontiac,WAUNF98P86A256591,230032
29949240,Izzy Aggas,Ford,5GAKRBKD7EJ927834,426322
27640030,Morrie Bogart,Nissan,YV4902DZXC2475267,286537
09915748,Shel Melton,Isuzu,2HNYD18756H891951,882206
86773381,Gardner Northfield,BMW,KNAGM4AD5F5312612,690814
99464060,Debra Booy,Volkswagen,WBA5B3C53ED790240,482186
43675112,Giles Whitters,Nissan,WBAKA83569C026378,869373
82797527,Carole Blodget,Mazda,4T1BF3EK9AU872833,451915
98564532,Garrett Penhall,Dodge,JH4KB16538C748973,820214
99817634,Batholomew Pennuzzi,Toyota,JN1CV6EK9DM472534,239203
65334992,Janetta Groucutt,Chevrolet,1C3CDFAA2ED491798,794989
78931722,Ardelia Duffell,Aston Martin,JH4CU2F67BC060852,962980
53022980,Elbertine Plaxton,BMW,WBAYB6C56FD660128,169928
99906534,Iorgos Beekmann,MINI,1GYUCGEF2AR411230,395000
75967425,Lindsay Heningham,Ford,1HGCR2E56FA708275,301546
91618245,Callida Conechie,Audi,WBAUN7C57CV792400,972639
94649692,Fania Keely,Dodge,1GYUCHEF7AR990060,345584
43419969,Darb Boorer,GMC,WA1CM94L19D819030,356649
06884679,Giffard Creavin,Mazda,1G6AM5S38E0049809,103137
16278047,Teriann Boulger,Mercury,WBAPH57569N150102,246987
32400827,Joane Derry,Chevrolet,3D73Y4HL4AG530566,082480
75962454,Cale Capsey,Audi,1G6DM8EV1A0882633,013901
54481103,Aila Lanfranchi,Toyota,SCBBB7ZH9EC101180,127903
20472872,Storm Jedrasik,Ford,WDDEJ7EB8DA238206,220980
63947871,Jan Colly,Ford,WAUMFAFL3DA072038,396094
85654200,Marcelia Harries,Chevrolet,1GYFC56239R648734,047629
80901742,Flin Breeton,Jeep,3VW1K7AJ5BM360666,949284
09452381,Sigrid Blore,Hyundai,1D7RV1CP0AS417282,361540
13819852,Stephi Thowes,Nissan,WAUBGBFC9CN555468,947219
53046694,Chalmers Szwarc,Infiniti,WBACN33471L540781,987412
62696666,Kathie Labitt,Maserati,2C3CDXJG1FH170480,737899
26431482,Brandea Ronan,Subaru,WAUJFAFH3BN555095,227883
40749012,Pieter Priestnall,Dodge,WBABD33456P962837,133130
83650439,Jamesy Jizhaki,Lincoln,1G4HP52K844378281,388363
41904995,Randa Vaughten,Volkswagen,YV1672MK0C2033659,323262
82712587,Ferrel Gladtbach,Volkswagen,5BZBF0AA7EN812419,181113
19692203,Tamqrah Regorz,Mitsubishi,SALGR2VF0EA962418,414549
46124291,Conni Welland,Lamborghini,WA1VMBFE3ED193800,153929
08096403,Alfie Ensten,Ford,2G4WF551431466509,350550
01341171,Buddy Mauger,GMC,5N1AR1NB0BC708370,432610
95877429,Giraud Denidge,Honda,2C3CCADTXCH293215,350066
24281510,Serena Jiroutka,GMC,5NPDH4AEXDH004531,494346
78973168,Aila Jurczik,Audi,1GYEE23A590246721,183768
42773456,Leslie Perico,Ford,1GYUCDEF3AR665561,223678
75697654,Theodosia Lasseter,Mercury,JH4CU4F42AC583740,231775
86887129,Carina Etock,Mitsubishi,WAULK78K29N151182,994333
56667608,Rochella Borgnet,GMC,1D4RD5GG6BC547998,020020
43104963,Bill Balme,Ford,SALVE2BG4FH149074,993757
29655026,Abbott Cowdrey,Mazda,2HNYD2H36DH664171,282239
21878511,Yance Petrecz,Pontiac,4JGBF2FE7AA767647,261576
67928319,Phylis Hazeldene,Toyota,1GD11ZCG9BF160548,768346
06207644,Averell Tummasutti,Toyota,3C3CFFER7FT826382,824699
30525013,Tailor Piniur,Chevrolet,KNDKG3A21A7856289,579098
69543466,Pier Alessandrini,Kia,YV1612FH5D2045097,492656
90718221,Glenine Ciccoloi,Plymouth,2G4GR5EK6C9312700,467490
80063337,Shae Dane,Mercury,2CTALMEC1B6993268,989850
24628418,Constantin Siddons,Porsche,1G6AY5SX1E0914823,905714
54509037,Hatti Burlingham,Mitsubishi,WAUWFAFL1BA311432,716106
56432809,Isobel Schimpke,Subaru,5LMJJ2J53EE912924,640545
12183535,Tedman Glendza,GMC,3D7TP2CT0BG971403,514723
83515827,Federico Bergeau,GMC,JTJBC1BA6C2374016,583161
36392391,Kendal Megainey,Nissan,1C4SDJCT7CC628181,625203
67887793,Elbertine Singyard,Ferrari,JHMZE2H35DS898106,307343
84072742,Cletis Skydall,Daihatsu,WBA3B5C57FP781690,147603
44239834,Keith Hailey,BMW,1G4PP5SK5D4806352,676763
76697357,Melonie Defrain,Chevrolet,1GYFC26299R926020,504698
30539202,Kessia Carmichael,Mitsubishi,W04G05GV6B1483823,394407
16364933,Udale Collop,Jaguar,WAUKH78E67A746903,602823
11131999,Shep Lester,Volkswagen,WVWAA7AH4AV089543,798227
03165020,Dillon Frankham,Honda,JN1EY1AP7EM986131,920885
77667753,Leland Thrussell,Porsche,1FTSX2B50AE308280,611803
15159405,Max Mance,Honda,WAUEH78E58A328234,569627
33970891,Eulalie Hutchinson,Plymouth,JHMFA3F24BS239977,613339
35783476,Zita Rothwell,Pontiac,1N4AB7AP4DN213440,179761
71139254,Bastien O'Farris,Toyota,1G6DS8E38C0868638,397544
31682609,Casar Knuckles,Mitsubishi,3VW517AT6FM194363,952313
72195556,Nomi Yerrill,GMC,WAURVAFA7AN401397,839591
82347595,Nil Richley,Jaguar,1D4RE4GGXBC936411,200929
96434347,Candi O'Doherty,Isuzu,3D73Y4HL1BG477567,159179
08578212,Cristiano Rylatt,Ford,JN1EY1AP6DM708836,928708
84568439,Euphemia Fernant,Audi,WBABD53464P387916,548806
51435165,Vi Rangall,Scion,WBASP0C56DC106238,298952
34672364,Kalina Bolzmann,Mitsubishi,JTDJTUD36ED513857,564602
13886769,Windham Treby,Mitsubishi,5UXZV4C58DL980815,248256
46845159,Oriana Archibald,Infiniti,JM1NC2JF4B0762634,491495
09170512,Odelinda Estevez,Audi,1G6AA5RA6D0185982,454332
33696680,Cinnamon Mityushin,Lexus,19XFB4F27FE934337,276505
82087798,Ashely Carillo,Chevrolet,1GYEK63N72R417473,444903
99537305,Haleigh Klejin,Dodge,1C3CCBBB5DN707607,626661
71534518,Cate Sever,Ford,JM3KE2BE6D0276792,613824
55114146,Jerrold Andric,Subaru,5BZAF0AA1FN532816,202599
19406317,Josefa McComiskie,Cadillac,WAUHFAFL8AN658966,795124
22782980,Shayne Gerred,Acura,JTEBU5JR8C5640709,597061
04347087,Lothaire Millam,Mercedes-Benz,1FTKR1AD5AP990901,889886
47763792,Ellsworth Febre,Dodge,WAUKF98E05A702281,068592
67045336,Essy Yurukhin,Hyundai,1GYS3RKJ8FR514705,296334
31708912,Correy Esslemont,BMW,WBAFU7C58DD087351,671313
37663222,Juliette McDermot,BMW,1GD02ZCG3DF604499,779940
37684806,Thorny Dimanche,Jeep,3D73Y4CL0AG359712,972737
58852860,Udale Casazza,Mazda,19XFB4F25FE637180,061976
18353278,Richard Terran,Toyota,WA1YL54B44N517811,093986
60732816,Hieronymus Emslie,Saturn,1GTN1UEH2EZ015594,563958
75104034,Tressa Haddacks,Audi,2T1KU4EEXBC482350,074746
35243406,Elmo Canter,Volkswagen,2C3CCAFJ0CH653569,313564
79586246,Harriett McNickle,Buick,WAUDF78E75A776813,019477
16475150,Avram Kelston,Isuzu,KNAFU6A20C5059460,199349
71492282,Inglebert Drain,Ford,KMHEC4A48FA336743,264806
18935304,Haroun MacFarlan,Ford,KM8NU4CC1BU819761,640140
74803634,Rasla Lambrook,Chevrolet,WBADW7C55CE720432,280897
77409275,Demetris Sly,Land Rover,2G61V5S84E9496653,148684
24199231,Aloysius Gorke,Ferrari,1FTEW1CW0AF955449,286887
97938723,Darren Cheatle,Honda,1G6KP5ES2BU151609,467004
44633231,Evyn Moncreif,Dodge,WAUGL98E98A925311,415133
48819441,Glenden Sample,Suzuki,3MZBM1K75EM024485,494011
13083167,Dominic Crabb,Cadillac,JTDKN3DU6B0197624,887351
00135899,Gaston Gouley,Mazda,SCFHDDAJ6CA810433,957649
96094518,Edwina Loraine,Chevrolet,1GYS4CKJ1FR134647,281641
81719782,Benny Teeney,Chevrolet,WBAGN634X4D196459,584975
93293169,Jermain Wardlow,Lexus,1HGCP2E8XAA394557,168878
77129970,Jarrad Hinnerk,Mercury,1GD312CG3CF764016,226820
00602356,Jarvis Fernan,Chevrolet,2G4WS52J631624154,967625
12671986,Tudor Maneylaws,Pontiac,JH4DC54872C671638,461209
37941799,Gustaf Siddele,BMW,1FTEW1C80FF977251,667716
29948197,Genvieve Main,Mazda,JN8AE2KP2D9008036,948636
24950773,Dore Penhalewick,Volkswagen,WAUXD68D41A722786,184899
40478207,Danyelle Catlow,Chevrolet,WAUKF98E25A092772,027708
34420197,Eloise Layland,Volvo,1FTSX2B51AE870057,076193
42624302,Naomi Van Dalen,Oldsmobile,1D7RV1CP0BS510093,406332
56698960,Elga Chick,Chrysler,JTEBU5JR9E5221691,098704
24744651,Florencia Ofen,Ford,WBA3N5C58EF405477,203069
26026602,Silvain Newburn,Mitsubishi,19UUA9F71CA654335,659728
19214654,Bennie Stonnell,Honda,SCFAD02A08G161418,517418
23726435,Wiley Stuke,Mercury,1FTWF3C58AE770756,990733
99395307,Rosette Bayle,Chevrolet,SAJWA4EC0FM560198,818276
10797590,Kaitlyn Astbery,Mercedes-Benz,1HGCR2E7XDA453984,155448
26227908,Gregoor Heald,Chevrolet,WBA3B5G58EN301449,822726
88478238,Ario Springall,Mercedes-Benz,WUAAU34298N432884,655942
44968147,Hagan Kilban,Acura,WBXPC93458W325702,992800
24314361,Alysa Grafham,Mitsubishi,WP0AB2A87CS429756,355557
53366267,Matty Peasegod,Jeep,1FTWF3C51AE802804,007956
57738349,Finn Stobie,Mercedes-Benz,WBABS53422E879129,226562
61123598,Mac Kann,Lotus,3VWML7AJXDM604700,117725
80953428,Magdaia Wilks,Mitsubishi,WA1DGAFP8DA349361,287420
04132125,Randy Castleman,Aston Martin,WVGEF9BP1DD110598,224801
61638605,Clarice Goadsby,Lotus,KMHEC4A43BA283766,457915
61909465,Georgie Wride,BMW,JN8AF5MR0BT902663,473946
70042862,Roch Wysome,Ford,WBA3K5C51EF230644,223802
33514814,Correy Dowthwaite,Mazda,SCBGU3ZA5EC439820,046348
47868484,Roddy Eginton,Volvo,WA1LFBFP2EA049594,927290
81921114,Vilhelmina Rehor,Ford,WP0AA2A95CS820514,301960
48932846,Konstantine Faulconbridge,Ford,WBADX1C54DJ882250,308121
45405587,Ailis Quick,Pontiac,WBAVB13536P898023,590812
37916936,Aurora Croom,Subaru,1FMCU0C74BK072779,986326
42441122,Maisey Merali,Toyota,2LMDJ6JK2BB711279,503076
62226583,Magdaia Poutress,Buick,SCBZB25E81C401915,815118
18007692,Claudie Durnan,Lexus,JN1BJ0HR7EM142079,731084
31033581,Filippo Knewstubb,Volkswagen,WAUMFBFL5BN375804,375805
95167595,Marcel Vedenisov,Porsche,1N4AL3AP0DC015424,739462
58373600,Shelton Rickards,Mercury,WBSBR93434P955771,717356
22423916,Cris Bendixen,BMW,ZHWGU6AU2CL634198,557448
09026974,Adolph Lidgate,Honda,WAUAF78E08A589761,273670
93856229,Munmro Esel,BMW,WAUPEBFM8CA825589,016836
83314217,Skelly Cabel,Saab,JN8AF5MR5BT177111,568602
28293300,Glynn Brandli,Ford,WA1CGAFE2DD734438,669224
10367292,Shelly Pyper,Chrysler,1G4GE5G36EF300400,975637
90099538,Red Simkiss,GMC,NM0AE8F70F1684668,409848
18730231,Tommy Rosander,Mazda,5UXWX7C59DL876557,828777
22324109,Marti Housley,Aptera,WBAYM1C50ED910622,425291
56258032,Ignatius Gurnay,Lexus,WBABD53474P132871,669555
01486245,Jemmy Angel,MINI,1N4AL2AP9CN553262,542400
27682842,Ilaire Ricardon,GMC,WAUVC68E35A534754,510149
54289608,Woodie Flear,Lotus,WBAVB73577F753187,507682
04311749,Stephie Jedrzejczak,Honda,WAUKF98E26A173112,396381
88338511,Clemence Rowland,Porsche,1FTEX1CM7CF251697,117090
96458179,Janine Fripps,Dodge,WAULT68E53A693053,839544
83303203,Drud Flaws,Pontiac,5UXKR6C57F0702008,479744
08969698,Northrup McQuillen,Audi,3C6JD6AK1CG127164,586858
12611553,Osborne Gowman,GMC,WAUVC58E43A889519,241464
11648129,Alie Salsberg,Saab,1GYS4HEF0DR537651,554200
41725325,Puff Rizzotto,Toyota,WVGFF9BP8BD984612,434084
18185978,Melli Bullivent,Chevrolet,5FRYD4H69EB337460,509132
22489645,Darsey Phorsby,Infiniti,WBXPA73465W405600,158538
67560381,Conni Ebden,Lincoln,WA1CMAFE3DD176771,610751
28141167,Merridie Foyle,Ferrari,WBA6B8C52ED316474,162344
17384952,Gage Gosneye,Suzuki,WAUDFAFC6DN580254,734320
16693998,Emily Caunter,Kia,3VW8S7AT5FM191741,969150
09080391,Nichol Otridge,Ford,3D73Y4EL9BG126118,762788
42487392,Vinnie Crosgrove,Lexus,2C4RDGBG0DR193132,701220
28948466,Inger Van Halen,Nissan,WBA3A9C54FF706378,464908
96906173,Felita McEllen,Chevrolet,WBAFZ9C59CC524663,772110
92426869,Estel Leebeter,Ford,WBADN63463G562207,537838
95796653,Maible Ilyinski,Audi,JA4AP3AU2BZ987356,224025
85471613,Cristian Glazebrook,Mazda,WAU4FAFL3AA095265,691196
86952791,Helyn Simenel,Kia,WAUDH74F68N956824,600888
82643344,Towny Lorek,Mercury,WAUFFAFLXDN382396,040153
36944231,Betteanne Rickersy,Dodge,1FTSS3EL0AD015516,407606
73222372,Addi Jimenez,Pontiac,1B3AZ6EZ5AV418970,704163
51488122,Milena Creddon,Mitsubishi,1FTDS3EL6AD089936,303138
76383182,Marleah Jobbings,BMW,1D7CW3GK1AS374245,310622
13714229,Wood Smy,Chevrolet,JN8AF5MRXFT585836,460816
49081256,Margi Brosh,Isuzu,1YVHZ8BH1B5398247,105166
54791499,Caritta Middleweek,Mercedes-Benz,WBA3B3C59EF574243,718650
04932488,Case Donaway,Buick,19UUA8F24BA785630,835054
39471967,Wanids Gerkens,Chevrolet,WAUHF98P48A173952,682550
54345885,Ula MacRedmond,Mazda,WA1WMAFE6BD958119,383275
69699147,Sheri Le Houx,Dodge,WA1YD54BX3N887480,248585
21951865,Idette Synnott,Honda,JHMGE8G24AC982698,051267
97330622,Malva Jakubowsky,Dodge,WVGFF9BP1BD833837,646751
42444288,Antoinette Colerick,Mercedes-Benz,1GYS4PKJ8FR255456,768744
06037589,Teodorico Smaling,BMW,1G6DX67D690580010,711884
23197917,Zsa zsa Coverdill,Audi,3N1AB7APXFL378277,067280
44076352,Alia Adshed,Cadillac,WAUCFAFC3DN828259,635830
79834331,Otha Start,Dodge,19UUA66214A156091,520505
07336685,Peirce Zelner,Infiniti,1N6AA0CC6DN405891,951678
75567828,Elmira Trent,Honda,1G6AZ5S37F0153873,625535
55328144,Collette Bereford,Porsche,1N6AF0KX3EN145733,914845
29701495,Hilly Shakle,Mercury,1GKUCEEF2AR440760,230693
39122924,Jacklin Tibb,Plymouth,2C4RDGEG9FR639020,292852
23306275,Smith Worrall,Jaguar,JN1AZ4EH0AM360432,293188
45991541,Jamey Redholes,MINI,WBA3C3C5XEF963552,909293
48237403,Darcy Ferrick,Pontiac,1G6DU6EA5A0963197,112815
27013157,Happy Scottrell,Nissan,WBA3B1G5XEN748339,411589
82515592,Patty Fuge,Chrysler,2C3CCAAG3DH189478,672681
03587401,Lonny Loadwick,Audi,1N6AD0CW0FN952935,809216
57871099,Ivonne Creegan,Chevrolet,WA1MKAFPXAA529435,983947
72371206,Kylila Murrish,MINI,WBA3A9G5XEN885461,099961
90435909,Cristy Pellatt,Hummer,WA1LKAFP8AA584901,763380
41377116,Phyllida Coffee,Lamborghini,4T3BA3BB4CU762270,093471
24069910,Ban Denyagin,Mazda,2C3CDXDT3EH968731,425130
19768450,Danit Razzell,Mitsubishi,2C3CCACG4CH365305,596682
69374656,Kirstyn Clynman,Hyundai,SAJWA0FS3FP637787,574332
95412905,Koral Gorger,Acura,YV1672MC2CJ626647,619129
26890960,Joell Kryszkiecicz,Volvo,WAUAF98E75A646691,145276
39880434,Harper Gammet,Toyota,JHMZF1C44DS833836,168487
08980088,Jeffrey Winwood,Volkswagen,1B3CB4HA1AD867771,521612
24744956,Valle Prinett,Plymouth,1LNHL9DK7DG428893,897893
64358277,Martita Napoleon,Subaru,YV1672MK3A2970051,888359
00634624,Oswald Burnapp,Aston Martin,WAUDF98E36A692002,757555
82829560,Carmencita Batchan,Ford,WAULT68E33A996381,800800
40997051,Wang Bartell,Hyundai,WBANW5C57AC496839,985531
63792567,Ingra Skedge,Oldsmobile,WDDHH8JBXFB082736,416716
80745701,Rycca Tibbits,Subaru,3N6CM0KN4DK902673,199466
97446843,Smith Hampton,Chevrolet,2T1BU4EE7DC031024,144303
80498075,Daryl Godfray,Hummer,WAUKF68E75A197094,750535
38141294,Maryanna Glyn,Nissan,WBANV1C52AC650370,832416
60736043,Mirabelle Kitchingham,Toyota,WAUDV94F49N612379,023107
01834186,Fleur Noye,Acura,1HGCR6F32FA855276,494028
14049448,Lars Ruos,Isuzu,1G4GC5G38FF428225,250136
54819708,Hulda Battersby,Chevrolet,1B3CB5HA3BD083552,313832
38856439,Germain Forsythe,Saab,SCFFDAAE6AG232420,253009
62909729,Conni O'Hearn,Mitsubishi,WBAEV33413P420544,425878
07527538,Effie Paumier,Pontiac,KMHTC6AD0EU524303,207813
65569333,Jens Dellar,Chevrolet,JH4CU26619C333696,908122
95846818,Saxon Philott,Ford,KMHHT6KD3CU829456,714468
33699130,Jasper Graveney,Ford,5UXZV4C58CL794352,838541
05939453,Shantee McGruar,Lexus,WAUDF98E96A688522,735584
52412468,Claudette Morison,Ford,WBAKE3C53BE775060,040303
95235789,Tommy MacAdie,Volvo,1GYUCEEJ0AR868739,354390
31058546,Thebault McDirmid,Hyundai,3C6TD5ET8CG326377,639138
10860729,Joanne Smithin,Mazda,JM1GJ1T55E1325057,638299
35246320,Markus Casbourne,Maybach,4T1BD1EB9EU774160,226327
07957842,Lauri Bartel,Acura,WBAEB5C57AC772660,291901
95585933,Aldin Manterfield,Honda,JH4KA96644C984388,475096
08715636,Martynne Hansbury,Mercedes-Benz,5UXWZ7C52F0746117,693191
92406975,Judith Spyer,Mitsubishi,SALAB2D44BA661883,492153
94318881,Wait Keel,Toyota,JN1AZ4EHXAM069369,520252
27726010,Leda Happs,Kia,WBANF73547C194056,631758
83554319,Maura Sissland,Mercury,VNKJTUD35FA124444,295520
58467960,Ham Peplaw,Mercury,JH4DC54845S208530,846186
70995827,Tarra Van der Merwe,Dodge,1N4AL3APXDC605940,680090
56535240,Lyn Goymer,Nissan,JN8AS5MT0AW087773,237994
60431193,Corey Pickering,Porsche,WBSBL934X4P015095,023271
15760219,Delmer Morgan,Honda,5FRYD4H95GB540178,511330
83471833,Sarette De Winton,Mercury,JM3ER2W37A0652728,749554
76899617,Adlai Desbrow,Chevrolet,JN8AZ2KR9BT218042,928960
47875585,Scotti Boram,Ford,5N1AT2MK5FC968553,048945
60908552,Billie Willcox,Bentley,WA1YD64BX3N061833,333849
14245639,Kristal Tyce,Ford,1FTEW1CF1FK732836,437178
34550051,Doti Vedeshkin,Mitsubishi,WAU4GBFB0BN943347,190244
36602501,Ruthann Scholig,Dodge,WBAFZ9C57DD789576,113159
85387755,Bennie Imorts,Cadillac,3N1AB6AP2AL937520,581478
08439579,Dieter Grinikhinov,Mercedes-Benz,1N4AL3AP9EC860144,129099
80608968,Mag Regenhardt,Ford,1N6AA0EC4DN078968,089858
29664319,Anatollo Asee,Ford,1HGCR2F33DA727070,828971
12682390,Anya Swift,Mitsubishi,WAUFL54D01N405157,164201
73785600,Madelin Volkes,Lincoln,WAURVAFD4BN322491,822015
02673988,Booth Phonix,BMW,1G6DC67A680823590,363722
72792339,Levon Van Hove,Suzuki,WAULT68E74A929820,169249
52505142,Jori McCluskey,Toyota,3C63DRKLXCG892861,742690
04953087,Seward Ditchburn,Ford,WAUKD78P67A299373,827727
38717636,Massimo Lourens,Nissan,WA1YD54B42N429173,123321
91048446,Darwin Klus,Infiniti,JH4DC53813C073449,174298
16221500,Joli Swatton,Mercedes-Benz,WA1YD54B85N988150,257733
82124415,Hermine Aylott,Volkswagen,2G4GS5GX1E9140608,461326
48167047,Marve Norgate,Land Rover,WA1LMBFE4FD923030,195032
70208833,Mariska Santry,Maybach,1D4PT4GX8BW092767,172934
81731302,Rosaleen Derdes,Ford,KMHGC4DD6DU661343,443469
49486554,Patrick Bowland,Pontiac,WAULC68E22A802521,505798
14097273,Harley Boddice,Pontiac,1G6AJ1RX8F0839946,578084
72309196,Sergei Labbati,GMC,1G6AR5S32F0407604,443381
81541533,Ardine Rodder,Toyota,1GKKRNED4EJ822507,678568
61451020,Allistir Megroff,Audi,WAUVFAFR4DA350969,288158
49841975,Kimberlee Mattecot,Mitsubishi,5UXZV4C50DL144822,296472
82361032,Annamarie Goulborne,Lincoln,WAUKD98P79A017904,581892
59144838,Merry Commins,Toyota,1G4GF5G31DF812870,810292
25147150,Lise Tremblay,Maybach,JN1BY1AR1FM291505,505317
19669876,Ram Josham,Chevrolet,YV4902BZ2C1359456,591858
45100732,Kerr Alwin,Toyota,19UUA66216A499440,204460
98305682,Daron Paterson,Volkswagen,WA1VMAFP9EA348590,348543
20341891,Klarika Joysey,GMC,5GADV23L76D616611,129462
01625073,Valle Snelgrove,Buick,WA1AV74L27D018631,162140
50049537,Jobina Speenden,Dodge,WVWED7AJ9CW042775,601536
25662248,Frasquito Crudgington,Jaguar,WAUDT48H75K274931,993228
89574691,Jennilee Mansford,Bentley,WBAYA8C51ED686648,334345
27877187,Norma Radcliffe,Suzuki,3N1CN7AP4EK846668,083350
06064053,Elke Vanes,Maserati,WAUJGAFD1FN639741,554007
47939914,Gerti Saph,Chevrolet,2T1KE4EE4DC245370,950964
17678905,Andreana Donaghy,Mercury,5UXFF03509L940079,445802
26207451,Blakeley Havoc,Oldsmobile,KMHGH4JH4CU827673,534349
56396644,Barnaby Pariso,Toyota,1D4RD4GG1BC452730,145580
90988079,Dilly Brayshay,Cadillac,KNADH5A33A6028418,443329
37025753,Cynthea Pues,BMW,1N6AF0KY7EN460804,356916
25259499,Cathyleen Tixall,Lotus,JN1CV6AP8CM041649,226876
07013970,Lin Curry,Pontiac,NM0AE8F70E1920332,563225
53267009,Aguie Crace,Pontiac,1GKKRNED7BJ245807,142903
46395857,Cchaddie Sailor,Chevrolet,SCFBF04B38G044551,587750
28839533,Sarena Jarrelt,Mazda,WAUEH48H87K442326,589645
92452650,Kienan Boate,Chrysler,WVGFG9BP3CD175971,966875
32721183,Beilul Bewick,Audi,JN1CV6AP6FM706956,454251
39963415,Giles Ormonde,Suzuki,SCFFDABM2EG594966,635271
01994397,Sinclair Cozzi,GMC,JTDZN3EU3EJ960324,390240
95546778,Lynda Newens,MINI,WAUBVAFB2BN942661,796259
34695501,Marcel Helder,Jeep,2C3CCAXJ7DH229337,354887
21944963,Vince Madigan,Pontiac,2FMGK5BC7AB862850,688372
15750981,Melvyn Loalday,Geo,KNAFT4A23C5566084,351591
88054420,Margie Jays,Mercedes-Benz,SCFEBBDLXEG336772,332630
35182839,Tedd Soppeth,Toyota,1FTEW1C83AK620467,209334
85644948,Susan Rowlson,Buick,WAUDF98E27A928253,626694
08883684,Adelaide Kilshall,Ford,3GYFK62827G440196,098236
46292055,Alena Botton,Land Rover,19XFB2E5XCE396258,055811
56272990,Kizzee Coners,Dodge,WAUPFAFM5CA652041,592320
07477610,Ferdinande Sidon,BMW,2C3CDXGJ3FH291580,714762
20605289,Mame Dureden,Ford,WAU4FAFL8AA625410,317123
03739119,Hatti Creus,Chevrolet,2G61T5S31D9355919,918456
46047434,Anita Beckenham,Maserati,5J6TF3H30CL009175,035450
88313905,Ninnetta Cracker,Mazda,4USBU33508L886315,437160
39826684,Waverley Buxsy,Chevrolet,KNDMA5C14F6214155,863639
86077128,Ashton Bazely,Buick,3C6TD5JT6CG931844,263496
02586439,Felita Laffan,Mercury,JTJBC1BA4C2607410,196814
03105380,Vassili Ollin,Subaru,1GD12ZCGXBF917390,978510
11620348,Georgette Borthram,Infiniti,WAUBGAFB0AN472090,897085
52193166,Gusti Suttling,Chevrolet,KNAGM4AD2F5703488,173506
77523828,Lorrie Fenlon,Chevrolet,WBAYE4C56FD125697,656593
53009326,Xenia Simenot,Ford,2HNYD18924H356204,087335
03285642,Christi Idill,Mercedes-Benz,19UUB2F74FA997746,262058
06712360,Gratia Gonnard,Audi,1G6DU6EA7A0691767,792717
56487205,Lotti Oldman,GMC,WVGEF9BP7DD411487,994324
24137235,Carey Wildman,Ford,2C3CDXEJ6DH556833,467629
89328154,Jolee Trowbridge,Kia,2B3CM5CT0BH500213,940960
22941253,Galen Maude,Infiniti,WBAEW53495P005581,273807
04031615,Danna Dowyer,Chevrolet,JH4CL95945C532923,892458
20176568,Janna Monteath,Saab,1N6AA0CA2DN399067,941128
60277849,Herve Marshalleck,Infiniti,WA1LGAFE7DD035791,677307
19082235,Kayley Upjohn,Toyota,5TDBM5G1XAS060875,566988
85751774,Noami Mayler,Volkswagen,4F2CY0C78BK059982,676360
43424055,Bridie Bonder,Lexus,3C63DPBL2CG306268,085634
77524180,Lorette Doonican,Audi,1FTFW1E87AK525797,539460
42037559,Lillian Peake,Volvo,WBA3X5C58ED200585,114368
32283538,Stacee Muro,Oldsmobile,3C3CFFAR9FT812439,210780
50946036,Torrance Slingsby,Porsche,YV1672MC5DJ990126,956771
74590213,Lizabeth Tivers,Chevrolet,1FMEU7FE9AU579210,383890
61047204,Julie Cavil,Dodge,3GYFNHE30DS319274,096448
99199618,Bellanca Martins,Lexus,WAUHF98P18A366544,680267
72841010,Consuela Smitten,Maybach,1VWAH7A39EC413178,479420
42448746,Petronia Abrahamovitz,Acura,WAULC58E52A126186,169694
49203338,Riley Matuszinski,Jaguar,3D73Y4CL4AG853653,109162
85803782,Bernadina Gillease,Audi,SCBGU3ZA7DC940450,816316
21364500,Dacey Duxbarry,Saab,WVWAN7AN5EE920211,161545
70832733,Wadsworth McQuaide,Dodge,WBABD334X5P026436,084721
51288646,Leland O'Fogarty,Jaguar,2C4RDGBG5DR876329,609864
04050277,Bret Laybourn,Subaru,SAJWA2GT2EM101142,578418
82668697,Michale Worssam,Ford,WBAEJ13473A467239,857978
41797653,Beverie Chazette,Pontiac,1G6DH8EG1A0819652,067649
35175811,Marlyn Pitcock,BMW,3FADP4AJ2EM084683,636712
26002335,Jami MacInherney,Mercedes-Benz,1FADP5AU5FL047582,722199
39793905,Trudy Sloane,Dodge,5TDBY5G18ES505950,015681
49742758,Charita Mourant,Cadillac,JTDKN3DU6B0524717,873062
96688604,Marcelia Hagland,Mercedes-Benz,JN8CS1MW9FM901384,745811
43642207,Winthrop Skrzynski,Toyota,JN8AF5MRXBT675661,753085
25920190,Krishnah Husthwaite,Volkswagen,WDDHF0EB0EA603579,796879
96899180,Addy Arnaudi,Chevrolet,5J6TF1H35AL783102,068031
54726019,Samson Gallienne,BMW,SCBBR9ZA2BC464152,148136
04537207,Constance Kohrding,Dodge,WBANV13528C266289,815498
31081724,Nilson Jencey,Volkswagen,KMHFG4JG2CA878533,729686
80126922,Giffie Tanton,Subaru,WA1EY74L77D574815,289853
78669736,Lilly Hyland,Pontiac,WAU3FAFR3AA900245,141441
28338111,Barry Strain,Pontiac,1FMJU1F57AE557454,791386
76071907,Lida Nobriga,Nissan,SCBLF34F63C653093,274224
72701200,Leena Liddon,Ford,1GKUCFDJ6AR836055,996008
44713175,Jennette Linner,Infiniti,1GYS3DEF9DR542276,722189
52167879,Bond Weildish,GMC,WAU3FAFR8BA894895,058822
00217879,Timofei Aizikovitch,Volkswagen,SALWR2VF4FA389648,989472
61994843,Philly Pepall,Nissan,WBS3C9C57FJ420804,179324
66892439,Andrej Offiler,Oldsmobile,3D7JV1EP2AG823520,003438
55595823,Lilla Storer,Cadillac,1G6DE5EGXA0353484,892022
10307704,Devi Borthe,Chevrolet,3VW1K7AJ5EM842834,695649
37329693,Tina Nancarrow,Audi,19XFB4F2XDE607833,262943
86314942,Sabrina Ragbourne,Pontiac,TRURD38J791631772,317118
77304678,Emelina Fitzsimons,Ford,JHMZF1C67CS824645,132772
